feature,score decrease,R2 minus score
Fully_vaccinated,1.069410611350525,-0.18941061135052506
Population_density,0.2782096572334625,0.6017903427665374
NO_annualMean,0.20664729086479325,0.6733527091352067
NO2_annualMean,0.13738577961870435,0.7426142203812957
PM2_5_annualMean,0.09197900207875284,0.7880209979212471
O3_annualMean,0.07992200533551205,0.8000779946644879
